{"MQTTInfo": 
{"broker":"mqtt.eclipseprojects.io", "port": 1883}, 
"RESTInfo": "http://127.0.0.1:8080/", 
"Device_temp": {"mqtt_id": "dtjgp_temperature", "deviceID": "2024042101", "field_id": "1", "field_info": "Tmepreature", "publish": "channels/2516012/fields/field1", "subscribe": "", "reg_status": true}, 
"Device_humi": {"mqtt_id": "dtjgp_humidity", "deviceID": "2024042102", "field_id": "2", "field_info": "Humidity", "publish": "channels/2516012/fields/field2", "subscribe": "", "reg_status": true}, 
"Device_toilet": {"mqtt_id": "dtjgp_toilet", "deviceID": "2024042103", "field_id": "3", "field_info": "Toilet", "publish": "channels/2516012/fields/field3", "subscribe": "", "reg_status": true}, 
"Device_door": {"mqtt_id": "dtjgp_door", "deviceID": "2024042104", "field_id": "4", "field_info": "Door", "publish": "channels/2516012/fields/field4", "subscribe": "", "reg_status": true, "tele_addr": "http://192.168.5.5:8081/door"}, 
"Device_kitchen": {
    "mqtt_id": "dtjgp_kitchen", 
    "deviceID": "2024042105", 
    "field_id": "5", 
    "field_info": "Kitchen", 
    "publish": "channels/2516012/fields/field5", 
    "subscribe": "channels/2516012/signal/kitchen/#", 
    "reg_status": true}, 
"Device_aircon": {
    "mqtt_id": "dtjgp_aircon", 
    "deviceID": "2024042106", 
    "field_id": "6", 
    "field_info": "Aircon", 
    "publish": "channels/2516012/fields/field6",
    "subscribe": "channels/2516012/signal/aircon/#", 
    "reg_status": true}, 
"Device_light": {
    "mqtt_id": "dtjgp_light", 
    "deviceID": "2024042107", 
    "field_id": "7", 
    "field_info": "Light", 
    "publish": "channels/2516012/fields/field7", 
    "subscribe": "channels/2516012/signal/light/#", 
    "reg_status": true}, 
"Device_attract": {
    "mqtt_id": "dtjgp_attract", 
    "deviceID": "2024042108", 
    "field_id": "8", 
    "field_info": "Attract", 
    "publish": "channels/2516012/fields/field8", 
    "subscribe": "channels/2516012/signal/attract/#", 
    "reg_status": true}}