{"RESTAddr": "http://127.0.0.1:8080/", "MQTTInfo": {"broker": "mqtt.eclipseprojects.io", "port": 1883}, "Aircontrol": {"client": "aircon", "ID": 2024042142345678, "subtopic1": "channels/2516012/fields/field1/#", "subtopic2": "channels/2516012/fields/field2/#", "pubtopic": "channels/2516012/signal/aircon", "reg_status": true}, "Timecontrol": {"client": "timecon", "ID": 2024042152345678, "subtopic1": "channels/2516012/signal/timeadd/#", "subtopic2": "channels/2516012/signal/timedel/#", "pubtopic1": "channels/2516012/signal/kitchen", "pubtopic2": "channels/2516012/signal/light", "reg_status": true, "kitchen_timelist": [9, 15, 18], "open_light": [17], "close_light": [23]}, "Datacontrol": {"client": "toiletcon", "ID": 2024042162345678, "subtopic1": "channels/2516012/fields/field3/#", "subtopic2": "channels/2516012/fields/field4/#", "pubtopic1": "channels/2516012/signal/toiletanalysis", "pubtopic2": "channels/2516012/signal/dooranalysis", "reg_status": true, "day_threshold": 10, "week_threshold": 70}}